{"cameraMode":{"drawMode":0,"name":"Shaded","section":"Shading Mode"},"sceneLighting":false,"audioPlay":false,"sceneViewState":{"showFog":true,"showMaterialUpdate":false,"showSkybox":false,"showFlares":true,"showImageEffects":true,"showParticleSystems":true},"in2DMode":false,"pivot":{"x":5.960464477539063e-8,"y":-6.260000228881836,"z":-1.1920928955078126e-7},"rotation":{"x":0.07884529232978821,"y":-0.11933387815952301,"z":0.009507386945188046,"w":0.9896741509437561},"size":2.3566718101501467,"orthographic":false}