{"cameraMode":{"drawMode":0,"name":"Shaded","section":"Shading Mode"},"sceneLighting":false,"audioPlay":false,"sceneViewState":{"showFog":true,"showMaterialUpdate":false,"showSkybox":false,"showFlares":true,"showImageEffects":true,"showParticleSystems":true},"in2DMode":false,"pivot":{"x":-1.539726972579956,"y":0.1623387336730957,"z":1.3831061124801636},"rotation":{"x":0.06741856038570404,"y":-0.029926378279924394,"z":0.002023186767473817,"w":0.9972761869430542},"size":2.3566718101501467,"orthographic":false}